mlb_name,mlb_id
A.J. Achter,592091
A.J. Burnett,150359
A.J. Cole,595918
A.J. Ellis,454560
A.J. Griffin,456167
A.J. Jimenez,543362
A.J. Pierzynski,150229
A.J. Pollock,572041
A.J. Ramos,573109
A.J. Reed,607223
A.J. Schugel,519263
Aaron Altherr,571437
Aaron Barrett,502578
Aaron Brooks,605156
Aaron Crow,543070
Aaron Cunningham,488811
Aaron Harang,421685
Aaron Hicks,543305
Aaron Hill,431094
Aaron Laffey,444836
Aaron Loup,571901
Aaron Nola,605400
Aaron Poreda,519145
Aaron Sanchez,592717
Aaron Thompson,457744
Abel De Los Santos,593582
Abraham Almonte,501659
Adalberto Mejia,606167
Adam Conley,543045
Adam Duvall,594807
Adam Eaton,594809
Adam Jones,430945
Adam LaRoche,425560
Adam Liberatore,571893
Adam Lind,452252
Adam Loewen,429400
Adam Moore,446192
Adam Morgan,605388
Adam Ottavino,493603
Adam Rosales,489267
Adam Wainwright,425794
Adam Walker,608724
Adam Warren,476589
Adam Wilk,573244
Addison Reed,592665
Addison Russell,608365
Adeiny Hechavarria,588751
Adonis Garcia,611177
Adrian Beltre,134181
Adrian Gonzalez,408236
Adrian Houser,605288
Adrian Nieto,543589
Adron Chambers,518545
Akeel Morris,592570
Al Alburquerque,456379
Albert Pujols,405395
Alberto Cabrera,501227
Alberto Callaspo,430948
Alberto Gonzalez,471868
Alcides Escobar,444876
Alec Asher,594742
Alec Mills,621219
Aledmys Diaz,649557
Alejandro De Aza,457477
Alen Hanson,593700
Alex Avila,488671
Alex Burnett,488751
Alex Castellanos,543008
Alex Claudio,592222
Alex Cobb,502171
Alex Colome,517008
Alex Dickerson,543105
Alex Gonzalez,136460
Alex Gordon,460086
Alex Guerrero,648717
Alex Hassan,572910
Alex Liddi,499926
Alex Meyer,543542
Alex Presley,502100
Alex Rios,425567
Alex Rodriguez,121347
Alex Sanabia,502253
Alex Torres,456776
Alex White,502229
Alex Wilson,543935
Alex Wood,622072
Alexei Ramirez,493351
Alexi Amarista,506560
Alexi Casilla,458210
Alexi Ogando,468396
Alfredo Aceves,469686
Alfredo Figaro,451628
Alfredo Gonzalez,554054
Alfredo Marte,501245
Alfredo Simon,430580
Ali Solis,455378
Allan Dykstra,488852
Allen Craig,501800
Allen Webster,543903
Amir Garrett,607237
Andre Ethier,444843
Andre Rienzo,516589
Andrelton Simmons,592743
Andres Blanco,433217
Andres Torres,400083
Andrew Albers,452027
Andrew Aplin,545331
Andrew Bailey,457732
Andrew Bellatti,571479
Andrew Brown,518500
Andrew Carignan,446398
Andrew Cashner,488768
Andrew Chafin,605177
Andrew Faulkner,605226
Andrew Heaney,571760
Andrew Lambo,518911
Andrew McCutchen,457705
Andrew McKirahan,605374
Andrew Miller,453192
Andrew Romine,461865
Andrew Susac,572180
Andrew Taylor,476531
Andrew Triggs,592811
Andrew Werner,599819
Andruw Jones,116662
Andury Acevedo,524349
Andy Dirks,543108
Andy LaRoche,451188
Andy Marte,429708
Andy Oliver,501989
Andy Parrino,519107
Andy Wilkins,519421
Angel Castro,502162
Angel Nesbitt,553970
Angel Pagan,434636
Angel Sanchez,447816
Anibal Sanchez,434671
Anthony Bass,542914
Anthony DeSclafani,543101
Anthony Garcia,571685
Anthony Gose,543238
Anthony Ranaudo,519168
Anthony Recker,489232
Anthony Rendon,543685
Anthony Rizzo,519203
Anthony Swarzak,461872
Anthony Varvaro,460008
Antoan Richardson,460322
Antonio Bastardo,455374
Antonio Senzatela,622608
Aramis Ramirez,133380
Archie Bradley,605151
Ariel Pena,516414
Arismendy Alcantara,570489
Arnold Leon,504186
Arodys Vizcaino,527055
Aroldis Chapman,547973
Arquimedes Caminero,491708
Asdrubal Cabrera,452678
Asher Wojciechowski,592879
Audry Perez,542233
Austin Adams,542866
Austin Barnes,605131
Austin Brice,592169
Austin Hedges,595978
Austin Jackson,457706
Austin Kearns,400290
Austin Romine,519222
Austin Ross,592697
Avisail Garcia,541645
B.J. Rosenberg,543725
Barry Enright,446264
Barry Zito,217096
Bartolo Colon,112526
Ben Francisco,450204
Ben Gamel,592325
Ben Paulsen,572019
Ben Revere,519184
Ben Rowen,594985
Ben Zobrist,450314
Bill Bray,435538
Billy Buckner,434438
Billy Burns,542993
Billy Butler,456714
Billy Hamilton,571740
Blaine Boyer,430641
Blaine Hardy,543278
Blake Beavan,518444
Blake Lalli,503351
Blake McFarland,607962
Blake Parker,453284
Blake Smith,544930
Blake Snell,605483
Blake Swihart,596119
Blake Tekotte,493574
Blake Treinen,595014
Blake Wood,502028
Bo Schultz,544759
Bobby Korecky,445090
Bobby LaFromboise,489039
Bobby Parnell,458730
Bobby Wilson,435064
Boog Powell,621471
Boone Logan,457429
Brad Boxberger,502202
Brad Brach,542960
Brad Glenn,543223
Brad Hand,543272
Brad Lincoln,453184
Brad Miller,543543
Brad Mills,502166
Brad Peacock,502748
Brad Penny,207267
Brad Snyder,430957
Brad Ziegler,446899
Bradin Hagens,543266
Brady Dragmire,607170
Branden Pinder,572038
Brandon Allen,450315
Brandon Bantz,572702
Brandon Barnes,488681
Brandon Beachy,545404
Brandon Belt,474832
Brandon Brennan,592165
Brandon Crawford,543063
Brandon Cumpton,592238
Brandon Cunniff,594792
Brandon Drury,592273
Brandon Finnegan,605232
Brandon Gomes,460156
Brandon Guyer,446386
Brandon Hicks,518794
Brandon Inge,276346
Brandon Kintzler,445213
Brandon Laird,477186
Brandon League,434181
Brandon Lyon,407193
Brandon Maurer,543506
Brandon McCarthy,435221
Brandon Morrow,453344
Brandon Moss,461235
Brandon Nimmo,607043
Brandon Phillips,408252
Brandon Snyder,474319
Brandon Workman,519443
Brayan Pena,430910
Brayan Villarreal,500903
Brendan Harris,430593
Brendan Ryan,453895
Brennan Boesch,453269
Brent Lillibridge,452121
Brent Morel,543569
Brett Anderson,474463
Brett Bochy,594762
Brett Carroll,448276
Brett Cecil,446399
Brett Eibner,518649
Brett Gardner,458731
Brett Hayes,451109
Brett Jackson,571804
Brett Lawrie,543434
Brett Marshall,543493
Brett Oberholtzer,519085
Brett Pill,489209
Brett Wallace,477165
Brian Bixler,444448
Brian Bogusevic,460131
Brian Dozier,572821
Brian Duensing,488846
Brian Ellington,623395
Brian Flynn,543169
Brian Goodwin,571718
Brian Johnson,598271
Brian Matusz,451085
Brian McCann,435263
Brian Roberts,406878
Brian Schlitter,489295
Brian Wilson,451216
Brock Holt,571788
Brock Peterson,453857
Bronson Arroyo,276520
Brooks Brown,453156
Brooks Conrad,462405
Brooks Raley,548384
Bruce Billings,501852
Bruce Chen,136600
Bruce Rondon,541652
Bruce Rondon,541652
Bruce Rondon,541652
Bruce Rondon,541652
Bruce Rondon,541652
Bruce Rondon,541652
Bruce Rondon,541652
Bruce Rondon,541652
Bruce Rondon,541652
Bruce Rondon,541652
Bruce Rondon,541652
Bruce Rondon,541652
Bruce Rondon,541652
Bruce Rondon,541652
Bruce Rondon,541652
Bruce Rondon,541652
Bruce Rondon,541652
Bruce Rondon,541652
Bruce Rondon,541652
Bruce Rondon,541652
Bruce Rondon,541652
Bruce Rondon,541652
Bruce Rondon,541652
Bruce Rondon,541652
Bruce Rondon,541652
Bruce Rondon,541652
Bruce Rondon,541652
Bruce Rondon,541652
Bruce Rondon,541652
Bruce Rondon,541652
Bruce Rondon,541652
Bruce Rondon,541652
Bryan Anderson,457762
Bryan Holaday,592407
Bryan Mitchell,571951
Bryan Morris,457768
Bryan Petersen,519128
Bryan Price,458669
Bryan Shaw,543766
Bryce Brentz,518490
Bryce Harper,547180
Bubba Starling,605490
Buck Farmer,571656
Bud Norris,502032
Buddy Baumann,571473
Buddy Boshers,542953
Buddy Carlyle,234194
Burch Smith,572143
Burke Badenhop,488674
Buster Posey,457763
Byron Buxton,621439
Byung Ho Park,666560
C.C. Lee,547348
C.J. Cron,543068
C.J. Fick,518674
C.J. Riefenhauser,592677
C.J. Wilson,450351
Caleb Cotham,571584
Caleb Gindl,518725
Caleb Joseph,543376
Caleb Thielbar,573204
Cam Bedrosian,592135
Cameron Maybin,457727
Cameron Rupp,519237
Carl Crawford,408307
Carl Edwards Jr.,605218
Carlos Beltran,136860
Carlos Carrasco,471911
Carlos Contreras,542266
Carlos Corporan,449786
Carlos Correa,621043
Carlos Estevez,608032
Carlos Frias,516910
Carlos Gomez,460576
Carlos Gonzalez,471865
Carlos Maldonado,430961
Carlos Marmol,461791
Carlos Martinez,593372
Carlos Moncrief,519037
Carlos Peguero,451713
Carlos Pena,150289
Carlos Perez,542208
Carlos Quentin,435041
Carlos Rivero,491640
Carlos Rodon,607074
Carlos Ruiz,434563
Carlos Sanchez,570560
Carlos Santana,467793
Carlos Torres,448614
Carlos Triunfel,508892
Carlos Villanueva,453646
Carlos Zambrano,407296
Carson Blair,542942
Carson Smith,605476
Carter Capps,605169
Casey Coleman,488787
Casey Crosby,518582
Casey Fien,502272
Casey Janssen,445163
Casey Kelly,543391
Casey Kotchman,425773
Casey McGehee,431171
Casey Sadler,594987
Casper Wells,489413
CC Sabathia,282332
Cesar Cabral,501627
Cesar Hernandez,514917
Cesar Izturis,285131
Cesar Jimenez,462945
Cesar Puello,527049
Cesar Ramos,459987
Cesar Vargas,570714
Chad Bettis,518452
Chad Billingsley,451532
Chad Durbin,239795
Chad Gaudin,429985
Chad Jenkins,554432
Chad Qualls,430589
Chad Smith,605477
Chad Tracy,429710
Chance Ruffin,592704
Charles Brewer,502033
Charlie Blackmon,453568
Charlie Culberson,518586
Charlie Furbush,518703
Charlie Leesman,489056
Charlie Morton,450203
Charlie Tilson,605508
Chase Anderson,502624
Chase d'Arnaud,488818
Chase Headley,452104
Chase Utley,400284
Chase Whitley,595032
Chasen Shreve,592741
Chaz Roe,475054
Che-Hsuan Lin,521428
Cheslor Cuthbert,596144
Chi Chi Gonzalez,592346
Chia-Jen Lo,547568
Chien-Ming Wang,425426
Chin-hui Tsao,425835
Chone Figgins,408210
Chris Archer,502042
Chris Bassitt,605135
Chris Beck,571476
Chris Bootcheck,408052
Chris Bostick,607471
Chris Capuano,425626
Chris Carter,474892
Chris Coghlan,458085
Chris Colabello,499624
Chris Davis,448801
Chris Denorfia,456121
Chris Devenski,606965
Chris Dickerson,447736
Chris Dominguez,458689
Chris Dwyer,543125
Chris Gimenez,460269
Chris Hatcher,501822
Chris Heisey,502317
Chris Herrmann,543302
Chris Heston,518790
Chris Iannetta,455104
Chris Johnson,453400
Chris Jones,518854
Chris Lee,595296
Chris Leroux,460092
Chris Marrero,502029
Chris Martin,455119
Chris McGuiness,573027
Chris Narveson,429780
Chris Nelson,455126
Chris O'Grady,622217
Chris Owings,572008
Chris Parmelee,476633
Chris Perez,453198
Chris Rearick,595371
Chris Reed,607068
Chris Resop,434592
Chris Rusin,543734
Chris Sale,519242
Chris Schwinden,452737
Chris Snyder,430965
Chris Stewart,455755
Chris Stratton,608717
Chris Taylor,621035
Chris Tillman,501957
Chris Valaika,453362
Chris Volstad,458690
Chris Withrow,519437
Chris Young,455759
Chris Young,432934
Christian Bergman,548357
Christian Bethancourt,542194
Christian Colon,518568
Christian Friedrich,543184
Christian Garcia,451600
Christian Vazquez,543877
Christian Villanueva,570799
Christian Walker,572233
Christian Yelich,592885
Clay Buchholz,453329
Clay Rapada,449060
Clayton Blackburn,607185
Clayton Kershaw,477132
Clayton Mortensen,489150
Clayton Richard,453385
Clete Thomas,460004
Cliff Lee,424324
Cliff Pennington,460060
Clint Barmes,425549
Clint Robinson,519208
Coco Crisp,424825
Cody Allen,592102
Cody Anderson,594736
Cody Asche,605125
Cody Decker,572804
Cody Eppley,543136
Cody Hall,595235
Cody Martin,592533
Cody Ransom,285068
Cody Ross,425496
Cody Stanley,592774
Colby Lewis,407890
Colby Rasmus,458675
Cole Figueroa,502676
Cole Gillespie,502261
Cole Hamels,430935
Colin Rea,607067
Colin Walsh,595023
Collin Balester,444446
Collin Cowgill,518577
Collin McHugh,543521
Colt Hynes,518833
Colton Murray,605396
Connor Sadzeck,592712
Conor Gillaspie,543216
Corban Joseph,543377
Cord Phelps,543647
Corey Brown,446395
Corey Dickerson,572816
Corey Hart,430611
Corey Kluber,446372
Corey Knebel,608349
Corey Seager,608369
Corky Miller,280061
Cory Burns,451132
Cory Gearrin,518715
Cory Luebke,458537
Cory Mazzoni,543508
Cory Rasmus,474284
Cory Spangenberg,605486
Cory Wade,460677
Craig Breslow,444520
Craig Gentry,502226
Craig Kimbrel,518886
Craig Stammen,489334
Cristhian Adames,542436
Curt Casali,592200
Curtis Granderson,434158
Curtis Partch,489197
Daisuke Matsuzaka,493137
Dale Thayer,445612
Dalier Hinojosa,648737
Dallas Beeler,542923
Dallas Keuchel,572971
Dalton Pompey,592647
Damien Magnifico,571911
Dan Butler,576788
Dan Haren,429717
Dan Jennings,543359
Dan Johnson,430681
Dan Otero,519096
Dan Runzler,502130
Dan Straily,573185
Dan Uggla,462564
Dan Vogelbach,596129
Dan Wheeler,235095
Dana Eveland,445968
Dane De La Rosa,451773
Daniel Bard,453268
Daniel Carbonell,658135
Daniel Castro,593495
Daniel Corcino,542289
Daniel Coulombe,543056
Daniel Descalso,518614
Daniel Fields,571665
Daniel Hudson,543339
Daniel McCutchen,445216
Daniel Murphy,502517
Daniel Nava,537953
Daniel Norris,596057
Daniel Robertson,543706
Daniel Schlereth,519259
Daniel Stange,458094
Daniel Stumpf,621385
Daniel Webb,543900
Daniel Winkler,595465
Danny Burawa,592181
Danny Dorn,457760
Danny Duffy,518633
Danny Espinosa,457787
Danny Farquhar,543144
Danny Hultzen,543343
Danny Muno,594940
Danny Reynolds,572066
Danny Salazar,517593
Danny Santana,542454
Danny Valencia,502143
Danny Worth,519445
Daric Barton,435558
Dariel Alvarez,645848
Darin Downs,445153
Darin Mastroianni,518991
Darin Ruf,573131
Dario Alvarez,516714
Darnell Sweeney,572182
Darrell Ceciliani,571553
Darren O'Day,503285
Darwin Barney,446381
Dave Sappelt,543743
David Aardsma,430911
David Adams,458691
David Buchanan,571527
David Carpenter,518526
David Carpenter,502304
David Cooper,476036
David DeJesus,430203
David Freese,501896
David Goforth,592341
David Hale,571735
David Hernandez,456696
David Holmberg,571787
David Huff,453307
David Lough,518953
David Martinez,451075
David Murphy,461815
David Ortiz,120074
David Pauley,456102
David Paulino,600944
David Peralta,444482
David Phelps,475479
David Price,456034
David Purcey,453515
David Robertson,502085
David Rollins,543716
David Ross,424325
David Wright,431151
Dayan Viciedo,493364
Dean Anna,542883
Dean Kiekhefer,518883
Dee Gordon,543829
Delino DeShields,592261
Dellin Betances,476454
Delmon Young,430321
Denard Span,452655
Denis Phipps,464426
Deolis Guerra,500610
Derek Dietrich,518618
Derek Holland,502706
Derek Law,571882
Derek Norris,519083
Derrick Robinson,501961
Desmond Jennings,457775
Deunte Heath,445177
Deven Marrero,571918
Devin Mesoraco,519023
Devon Travis,581527
Dewayne Wise,276547
Dexter Fowler,451594
Dian Toscano,661281
Didi Gregorius,544369
Diego Moreno,514981
Dillon Gee,518716
Dilson Herrera,599096
Dioner Navarro,425900
Dixon Machado,553988
DJ LeMahieu,518934
Domingo German,593334
Domingo Santana,570267
Dominic Leone,608678
Domonic Brown,502126
Don Kelly,430603
Donald Lutz,544371
Donn Roach,543698
Donnie Joseph,548348
Donnie Murphy,430906
Donnie Veal,453264
Donovan Hand,518764
Donovan Solano,456781
Doug Bernier,448674
Doug Fister,450729
Drake Britton,518493
Drew Butera,460077
Drew Carpenter,502165
Drew Hutchison,571800
Drew Pomeranz,519141
Drew Rucinski,607968
Drew Smyly,592767
Drew Storen,519322
Drew Stubbs,453211
Drew VerHagen,572403
Duane Below,502102
Duke Welker,444992
Dustin Ackley,554429
Dustin Garneau,572863
Dustin McGowan,430661
Dustin Pedroia,456030
Dusty Coleman,543038
Dylan Axelrod,518420
Dylan Baker,621173
Dylan Bundy,605164
Ed Easley,446225
Ed Lucas,448296
Eddie Butler,572750
Eddie Gamboa,543195
Eddie Rosario,592696
Eddy Rodriguez,453256
Edgar Gonzalez,429440
Edgar Ibarra,500891
Edgar Olmos,543607
Edgmer Escalona,467850
Edinson Volquez,450172
Eduardo Escobar,500871
Eduardo Nunez,456488
Eduardo Rodriguez,593958
Eduardo Sanchez,500674
Edubray Ramos,591693
Edwar Cabrera,542369
Edward Mujica,465629
Edwin Encarnacion,429665
Edwin Escobar,546276
Edwin Jackson,429719
Efren Navarro,519068
Ehire Adrianza,501303
Elian Herrera,467070
Elias Diaz,553869
Elliot Johnson,471107
Elmer Reyes,554239
Elvin Ramirez,468517
Elvis Andrus,462101
Elvis Araujo,542587
Emilio Bonifacio,466988
Emmanuel Burriss,502034
Ender Inciarte,542255
Endy Chavez,346795
Enerio Del Rosario,491688
Engel Beltre,520976
Enny Romero,544836
Enrique Burgos,542609
Enrique Hernandez,571771
Erasmo Ramirez,541640
Eric Campbell,493472
Eric Farris,456544
Eric Fornataro,543174
Eric Fryer,518700
Eric Hosmer,543333
Eric Jokisch,518852
Eric O'Flaherty,447714
Eric Sogard,519299
Eric Stults,445590
Eric Surkamp,474668
Eric Young Jr.,458913
Erick Aybar,430947
Erik Bedard,407853
Erik Cordier,449170
Erik Davis,458530
Erik Goeddel,592340
Erik Gonzalez,570481
Erik Johnson,605304
Erik Komatsu,518900
Erik Kratz,456124
Erisbel Arruebarrena,628326
Ernesto Frieri,457117
Ervin Santana,429722
Esmil Rogers,469134
Ethan Martin,543495
Eugenio Suarez,553993
Eury De La Rosa,545001
Eury Perez,516811
Evan Crawford,457751
Evan Gattis,594828
Evan Longoria,446334
Evan Marshall,605359
Evan Meek,457425
Evan Reed,519175
Evan Rutckyj,592709
Evan Scribner,519267
Everett Teaford,501870
Everth Cabrera,465784
Ezequiel Carrera,485567
Felipe Paulino,462956
Felipe Rivero,553878
Felix Doubront,467094
Felix Hernandez,433587
Fernando Abad,472551
Fernando Rodney,407845
Fernando Rodriguez,451775
Fernando Salas,477569
Francisco Cervelli,465041
Francisco Lindor,596019
Francisco Liriano,434538
Francisco Peguero,501317
Francisco Pena,506747
Francisco Rodriguez,477557
Francisco Rodriguez,408061
Francisley Bueno,499107
Frank Francisco,407911
Frank Garces,571057
Frank Herrmann,497807
Frankie Montas,593423
Franklin Gutierrez,429711
Franklin Morales,462985
Freddie Freeman,518692
Freddy Galvis,520471
Freddy Garcia,150119
Freddy Guzman,430686
Gabby Guerrero,602115
Gabriel Ynoa,593679
Gaby Sanchez,459991
Garin Cecchini,594555
Garrett Jones,434540
Garrett Richards,572070
Gary Brown,518502
Gary Sanchez,596142
Gavin Floyd,425856
George Kontos,502004
George Kottaras,435459
George Sherrill,430941
George Springer,543807
Geovany Soto,434567
Gerald Laird,408042
Gerardo Parra,467827
German Marquez,608566
Gerrit Cole,543037
Giancarlo Stanton,519317
Gift Ngoepe,547912
Gil Velazquez,444041
Gio Gonzalez,461829
Giovanni Soto,543803
Giovanny Urshela,570482
Glen Perkins,450282
Gonzalez Germen,542674
Gordon Beckham,493596
Gorkys Hernandez,491676
Grady Sizemore,429713
Graham Godfrey,453232
Grant Balfour,346797
Grant Green,502205
Grayson Garvin,543204
Greg Bird,595885
Greg Burke,457566
Greg Dobbs,425785
Greg Garcia,594824
Greg Holland,518813
Gregor Blanco,453923
Gregorio Petit,463610
Gregory Polanco,570256
Guido Knudson,605317
Guilder Rodriguez,457517
Guillermo Heredia,628338
Guillermo Quiroz,425565
Gus Schlosser,534576
Hak-Ju Lee,573349
Hank Conger,474233
Hanley Ramirez,434670
Hansel Robles,570663
Hanser Alberto,593643
Harold Ramirez,623912
Heath Bell,425514
Heath Hembree,592390
Hector Ambriz,459932
Hector Gimenez,430591
Hector Gomez,467143
Hector Neris,593576
Hector Noesi,456051
Hector Olivera,493343
Hector Rondon,444468
Hector Sanchez,516949
Hector Santiago,502327
Henderson Alvarez,506693
Henry Alberto Rodriguez,469159
Henry Alejandro Rodriguez,514719
Henry Owens,596064
Henry Urrutia,625329
Hernan Perez,541650
Hiram Burgos,572744
Hiroki Kuroda,493133
Hisashi Iwakuma,547874
Homer Bailey,456701
Howie Kendrick,435062
Humberto Quintero,279827
Hunter Pence,452254
Hunter Strickland,519326
Huston Street,434718
Hyun-Jin Ryu,547943
Hyun-soo Kim,547957
Ian Desmond,435622
Ian Gardeck,571687
Ian Kennedy,453178
Ian Kinsler,435079
Ian Krol,571871
Ian Stewart,456655
Ian Thomas,621962
Ichiro Suzuki,400085
Ike Davis,477195
Irving Falu,458252
Ivan De Jesus,474443
Ivan Nova,467100
J.A. Happ,457918
J.B. Shuck,543776
J.B. Wendelken,605525
J.C. Boscan,400268
J.D. Martinez,502110
J.J. Hardy,429666
J.J. Hoover,543331
J.P. Arencibia,450317
J.P. Howell,434442
J.R. Graham,543242
J.T. Chargois,608638
J.T. Realmuto,592663
Jabari Blash,518466
Jace Peterson,607054
Jack Hannahan,435219
Jack Leathersich,605333
Jackie Bradley Jr.,598265
Jackson Williams,519425
Jacob Barnes,606930
Jacob deGrom,594798
Jacob Faria,607188
Jacob Lindgren,605338
Jacob Turner,545363
Jacoby Ellsbury,453056
Jaff Decker,543094
Jaime Garcia,448802
Jair Jurrjens,457453
Jairo Asencio,446003
Jairo Diaz,545064
Jairo Labourt,607951
Jake Arrieta,453562
Jake Barrett,545332
Jake Brigham,502010
Jake Buchanan,594772
Jake Cave,595909
Jake Diekman,518617
Jake Dunning,572827
Jake Elmore,518653
Jake Esch,605222
Jake Goebbert,572876
Jake Lamb,571875
Jake Marisnick,545350
Jake McGee,459429
Jake Odorizzi,543606
Jake Peavy,408241
Jake Petricka,502593
Jake Smith,607727
Jake Smolinski,519295
James Darnell,543083
James Jones,571825
James Loney,425766
James McCann,543510
James McDonald,457428
James Paxton,572020
James Pazos,572021
James Ramsey,607256
James Russell,460701
James Shields,448306
Jameson Taillon,592791
Jamey Wright,124604
Jamie Romak,457449
Jandel Gustave,594311
Jared Burton,454537
Jared Hughes,453172
Jarlin Garcia,606424
Jarred Cosart,543054
Jarrett Grube,459439
Jarrett Parker,592620
Jarrod Dyson,502481
Jarrod Parker,519105
Jarrod Saltalamacchia,457454
Jason Bartlett,430583
Jason Berken,460072
Jason Bourgeois,430652
Jason Castro,488771
Jason Donald,453228
Jason Frasor,430630
Jason Garcia,592329
Jason Grilli,276351
Jason Gurka,543261
Jason Hammel,434628
Jason Heyward,518792
Jason Kipnis,543401
Jason Kubel,430585
Jason Lane,407835
Jason Marquis,150302
Jason Motte,435400
Jason Pridie,445095
Jason Rogers,595386
Jason Vargas,450306
Jason Wheeler,605528
Javier Baez,595879
Javier Lopez,425657
Javy Guerra,457915
Jay Bruce,457803
Jay Jackson,543351
Jaye Chapman,488776
Jayson Aquino,593969
Jayson Nix,434624
Jayson Werth,150029
JC Ramirez,500724
Jean Machi,466948
Jean Segura,516416
Jeanmar Gomez,491646
Jed Lowrie,476704
Jedd Gyorko,576397
Jeff Baker,425557
Jeff Beliveau,542924
Jeff Bianchi,488703
Jeff Ferrell,594815
Jeff Francis,433585
Jeff Francoeur,425796
Jeff Keppinger,433898
Jeff Kobernus,571862
Jeff Locke,502046
Jeff Manship,453249
Jeff Mathis,425772
Jeff Samardzija,502188
Jeff Walters,502368
Jefry Marte,527043
Jeimer Candelario,600869
Jemile Weeks,457789
Jenrry Mejia,516769
Jerad Eickhoff,595191
Jered Weaver,450308
Jeremy Affeldt,346793
Jeremy Guthrie,425386
Jeremy Hefner,458550
Jeremy Hellickson,476451
Jeremy Hermida,435181
Jeremy Horst,456662
Jeremy Jeffress,502026
Jeremy McBryde,489096
Jermaine Curtis,543079
Jerome Williams,425532
Jerry Blevins,460283
Jerry Sands,543742
Jesse Biddle,592145
Jesse Chavez,445926
Jesse Crain,430884
Jesse Hahn,534910
Jesus Aguilar,542583
Jesus Flores,435520
Jesus Guzman,461882
Jesus Montero,524968
Jesus Sucre,491696
Jett Bandy,542908
Jeurys Familia,544727
Jhan Marinez,501697
Jharel Cotton,605194
Jhonatan Solano,500207
Jhonny Peralta,425509
Jhoulys Chacin,468504
Ji-Man Choi,596847
Jim Adduci,451192
Jim Henderson,449104
Jim Johnson,462382
Jim Miller,461848
Jimmy Cordero,622772
Jimmy Nelson,519076
Jimmy Paredes,517370
Jimmy Rollins,276519
Jo-Jo Reyes,457456
Joakim Soria,465657
Joan Gregorio,593340
Joaquin Arias,435078
Joaquin Benoit,276542
Joba Chamberlain,501955
Joc Pederson,592626
Joe Beimel,346847
Joe Biagini,607352
Joe Blanton,430599
Joe Kelly,523260
Joe Martinez,458155
Joe Mauer,408045
Joe Musgrove,605397
Joe Nathan,150274
Joe Ortiz,517451
Joe Panik,605412
Joe Paterson,519110
Joe Ross,605452
Joe Saunders,434578
Joe Savery,456045
Joe Smith,501925
Joe Thatcher,491159
Joe Wieland,543921
Joel Carreno,468528
Joel Hanrahan,430629
Joel Peralta,407908
Joely Rodriguez,570257
Joey Butler,542994
Joey Gallo,608336
Joey Rickard,572073
Joey Terdoslavich,519345
Joey Votto,458015
Joey Wendle,621563
Johan Santana,276371
John Axford,446099
John Baker,434633
John Buck,407833
John Cornely,607405
John Danks,433579
John Ely,518655
John Gant,607231
John Gast,518713
John Hester,452105
John Hicks,543308
John Holdzkom,458720
John Jaso,444379
John Lackey,407793
John Lamb,543424
John Lannan,458709
John Mayberry Jr.,460055
John McDonald,150348
John Ryan Murphy,571974
Johnny Barbato,592127
Johnny Cueto,456501
Johnny Giavotella,543213
Johnny Hellweg,518782
Johnny Monell,476192
Jon Edwards,457754
Jon Gray,592351
Jon Jay,445055
Jon Lester,452657
Jon Moscot,621209
Jon Niese,477003
Jon Singleton,572138
Jonathan Albaladejo,452293
Jonathan Aro,608167
Jonathan Broxton,455009
Jonathan Diaz,502409
Jonathan Herrera,468406
Jonathan Lucroy,518960
Jonathan Papelbon,449097
Jonathan Pettibone,543643
Jonathan Sanchez,456043
Jonathan Schoop,570731
Jonathan Villar,542340
Jonny Gomes,430404
Jonny Venters,458924
Jordan Brown,488740
Jordan Danks,458668
Jordan Lyles,543475
Jordan Norberto,467099
Jordan Pacheco,457574
Jordan Schafer,457788
Jordan Walden,477229
Jordan Zimmermann,519455
Jordany Valdespin,518170
Jordy Mercer,474568
Jorge Alfaro,595751
Jorge Bonifacio,593528
Jorge De La Rosa,407822
Jorge De Leon,501529
Jorge Lopez,605347
Jorge Polanco,593871
Jorge Rondon,504083
Jorge Soler,624585
Jose Abreu,547989
Jose Altuve,514888
Jose Alvarez,501625
Jose Arredondo,461766
Jose Bautista,430832
Jose Cisnero,542585
Jose Constanza,468429
Jose De La Torre,473265
Jose De Paula,517059
Jose Dominguez,523848
Jose Fernandez,605228
Jose Iglesias,578428
Jose Leclerc,600917
Jose Lobaton,446653
Jose Martinez,500874
Jose Mijares,467726
Jose Ortega,514639
Jose Peraza,606299
Jose Pirela,517369
Jose Quintana,500779
Jose Ramirez,608070
Jose Ramirez,542432
Jose Reyes,408314
Jose Rondon,602922
Jose Tabata,467798
Jose Torres,600526
Jose Urena,570632
Jose Valdez,451990
Jose Valdez,572308
Jose Valverde,407878
Jose Veras,407842
Josh Beckett,277417
Josh Bell,605137
Josh Bell,458679
Josh Collmenter,518567
Josh Donaldson,518626
Josh Edgin,572831
Josh Fields,451661
Josh Fields,435222
Josh Hamilton,285078
Josh Harrison,543281
Josh Johnson,435178
Josh Kinney,448337
Josh Lindblom,458676
Josh Lueke,518961
Josh Martin,607294
Josh Osich,592612
Josh Outman,489189
Josh Phegley,572033
Josh Prince,572389
Josh Ravin,502051
Josh Reddick,502210
Josh Roenicke,502158
Josh Rutledge,592710
Josh Satin,543744
Josh Smith,595001
Josh Smoker,519294
Josh Spence,543805
Josh Stinson,502139
Josh Thole,489365
Josh Tomlin,458708
Josh Vitters,519388
Josh Wall,476205
Josh Willingham,425545
Josh Wilson,425543
Josh Zeid,473646
Josmil Pinto,500887
Juan Carlos Oviedo,434663
Juan Centeno,518542
Juan Diaz,501726
Juan Duran,544269
Juan Francisco,464433
Juan Gutierrez,434641
Juan Jaime,462089
Juan Lagares,501571
Juan Minaya,573668
Juan Nicasio,504379
Juan Perez,543633
Juan Perez,448722
Juan Rivera,407487
Juan Uribe,346874
Julio Borbon,474865
Julio Morban,573650
Julio Teheran,527054
Jumbo Diaz,471822
Jung Ho Kang,628356
Junichi Tazawa,547749
Junior Guerra,448855
Junior Lake,516809
Jurickson Profar,595777
Justin Bour,571506
Justin Christian,451629
Justin De Fratus,518603
Justin Freeman,543178
Justin Germano,430683
Justin Grimm,518748
Justin Marks,476123
Justin Masterson,475416
Justin Maxwell,452239
Justin Miller,502522
Justin Morneau,408047
Justin Nicolino,592593
Justin O'Conner,592604
Justin Ruggiano,448605
Justin Sellers,451088
Justin Smoak,475253
Justin Thomas,476206
Justin Turner,457759
Justin Upton,457708
Justin Verlander,434378
Justin Wilson,458677
Kaleb Cowart,592230
Kameron Loe,434180
Keith Butler,572751
Keith Hessler,594857
Kelby Tomlinson,605509
Kelly Dugan,571633
Kelly Johnson,430637
Kelly Shoppach,431159
Kelvin Herrera,516969
Ken Giles,571704
Ken Roberts,594977
Kendall Graveman,608665
Kendry Flores,572309
Kendrys Morales,434778
Kenley Jansen,445276
Kennys Vargas,573627
Kensuke Tanaka,547887
Kenta Maeda,628317
Keon Broxton,542979
Keone Kela,605309
Ketel Marte,606466
Kevan Smith,607345
Kevin Chapman,502087
Kevin Correia,429781
Kevin Frandsen,435623
Kevin Gausman,592332
Kevin Gregg,276514
Kevin Jepsen,448178
Kevin Kiermaier,595281
Kevin Kouzmanoff,450260
Kevin Mattison,543503
Kevin Munson,576409
Kevin Pillar,607680
Kevin Plawecki,608700
Kevin Quackenbush,534812
Kevin Siegrist,543779
Kevin Slowey,458713
Kevin Whelan,460128
Keyvius Sampson,572102
Khris Davis,501981
Kila Ka'aihue,451500
Kirby Yates,489446
Kirk Nieuwenhuis,543590
Koji Uehara,493157
Kole Calhoun,594777
Kolten Wong,543939
Koyie Hill,425542
Kris Bryant,592178
Kris Johnson,453241
Kris Medlen,450665
Kristopher Negron,502117
Kurt Suzuki,435559
Kyle Barraclough,607457
Kyle Blanks,452035
Kyle Crick,605195
Kyle Crockett,641490
Kyle Davies,434678
Kyle Drabek,475138
Kyle Farnsworth,150035
Kyle Gibson,502043
Kyle Hendricks,543294
Kyle Kendrick,452718
Kyle Kubitza,605323
Kyle Lobstein,543456
Kyle Lohse,346798
Kyle McPherson,519015
Kyle Parker,592621
Kyle Ryan,594986
Kyle Schwarber,656941
Kyle Seager,572122
Kyle Skipworth,543788
Kyle Waldrop,592835
Kyle Zimmer,622092
Kyuji Fujikawa,493117
L.J. Hoes,543321
Lance Lynn,458681
Lance McCullers,621121
Lane Adams,572669
Lars Anderson,502249
LaTroy Hawkins,115629
Laynce Nix,425556
Lendy Castillo,516684
Leonel Campos,599998
Leonys Martin,547982
Lester Oliveros,500902
Leury Garcia,544725
Lew Ford,217915
Liam Hendriks,521230
Lisalverto Bonilla,570810
Logan Darnell,592244
Logan Forsythe,523253
Logan Kensing,434137
Logan Morrison,489149
Logan Ondrusek,446185
Logan Schafer,502582
Logan Verrett,548337
Logan Watkins,543894
Lonnie Chisenhall,502082
Lorenzo Cain,456715
Lou Marson,453974
Louis Coleman,488786
Lucas Duda,446263
Lucas Harrell,449173
Lucas Luetge,476595
Luis Avilan,501593
Luis Ayala,425646
Luis Cessa,570666
Luis Cruz,543071
Luis Exposito,458701
Luis Garcia,472610
Luis Jimenez,499864
Luis Jimenez,455921
Luis Martinez,446208
Luis Perdomo,606131
Luis Perdomo,466412
Luis Perez,469802
Luis Sardinas,596143
Luis Severino,622663
Luis Valbuena,472528
Luke Carlin,450192
Luke Gregerson,502381
Luke Hochevar,460024
Luke Hughes,471863
Luke Jackson,592426
Luke Maile,571912
Luke Montz,452215
Luke Putkonen,446367
Luke Scott,432928
Mac Williamson,607776
Madison Bumgarner,518516
Maicer Izturis,430895
Maikel Cleto,521055
Maikel Franco,596748
Mallex Smith,605480
Manny Acosta,407924
Manny Banuelos,544365
Manny Corpas,466918
Manny Machado,592518
Manny Parra,448159
Manny Pina,444489
Manuel Margot,622534
Marc Krauss,571868
Marc Rzepczynski,519240
Marcell Ozuna,542303
Marco Estrada,462136
Marco Gonzales,594835
Marco Hernandez,593523
Marco Scutaro,340192
Marcos Mateo,456496
Marcus Hatley,502281
Marcus Semien,543760
Marcus Stroman,573186
Mario Hollands,571786
Mark Buehrle,279824
Mark Canha,592192
Mark Lowe,450275
Mark Melancon,453343
Mark Reynolds,448602
Mark Rogers,449161
Mark Teixeira,407893
Mark Trumbo,444432
Marlon Byrd,407781
Martin Maldonado,455117
Martin Perez,527048
Martin Prado,445988
Marwin Gonzalez,503556
Masahiro Tanaka,547888
Mason Melotakis,608691
Mason Williams,592863
Mat Gamel,451143
Mat Latos,502009
Matt Adams,571431
Matt Albers,458006
Matt Andriese,542882
Matt Barnes,598264
Matt Belisle,279571
Matt Bowman,621199
Matt Boyd,571510
Matt Cain,430912
Matt Capps,448165
Matt Carpenter,572761
Matt Carson,454998
Matt Clark,518558
Matt Daley,457935
Matt Davidson,571602
Matt den Dekker,544925
Matt Dominguez,518625
Matt Duffy,622110
Matt Duffy,592274
Matt Garza,490063
Matt Grace,594840
Matt Guerrier,407825
Matt Hague,518755
Matt Harrison,457448
Matt Harvey,518774
Matt Holliday,407812
Matt Joyce,459964
Matt Kemp,461314
Matt Koch,571863
Matt Langwell,543426
Matt LaPorta,453181
Matt Lindstrom,434637
Matt Magill,543483
Matt Maloney,476011
Matt Marksberry,621408
Matt McBride,473724
Matt Moore,519043
Matt Pagnozzi,431166
Matt Palmer,461212
Matt Ramsey,543677
Matt Reynolds,608703
Matt Reynolds,519186
Matt Shoemaker,533167
Matt Stites,592781
Matt Szczur,519333
Matt Thornton,407819
Matt Tracy,595441
Matt Tuiasosopo,449168
Matt West,519411
Matt Wieters,446308
Matt Wisler,605538
Matt Young,457568
Matthew Strahm,621381
Mauricio Cabrera,606291
Mauricio Robles,500909
Max Kepler,596146
Max Moroff,621559
Max Muncy,571970
Max Scherzer,453286
Max Stassi,545358
Mayckol Guaipe,515052
Melky Cabrera,466320
Melky Mesa,444859
Melvin Mercedes,542235
Melvin Upton Jr.,425834
Micah Johnson,608672
Micah Owings,452249
Michael Blazek,518468
Michael Bourn,456422
Michael Bowden,476601
Michael Brantley,488726
Michael Choice,574831
Michael Conforto,624424
Michael Cuddyer,150212
Michael Feliz,593140
Michael Fulmer,605242
Michael Gonzalez,283166
Michael Kirkman,457779
Michael Kohn,543409
Michael Lorenzen,547179
Michael Mariot,592527
Michael Martinez,492841
Michael McKenry,502374
Michael Morse,434604
Michael Pineda,501381
Michael Reed,605439
Michael Roth,607706
Michael Saunders,459431
Michael Stutes,452741
Michael Taylor,572191
Michael Taylor,446345
Michael Tonkin,543859
Michael Wacha,608379
Michael Ynoa,573589
Mickey Storey,493547
Miguel Alfredo Gonzalez,646057
Miguel Almonte,602083
Miguel Cabrera,408234
Miguel Castro,612434
Miguel Gonzalez,456068
Miguel Gonzalez,544838
Miguel Montero,471083
Miguel Olivo,400018
Miguel Rojas,500743
Miguel Sano,593934
Miguel Socolovich,462515
Mike Adams,430606
Mike Aviles,449107
Mike Baxter,488689
Mike Belfiore,506988
Mike Bolsinger,502211
Mike Broadway,458678
Mike Carp,455077
Mike Clevinger,605182
Mike Costanzo,453068
Mike Dunn,445197
Mike Ekstrom,455091
Mike Fiers,571666
Mike Foltynewicz,592314
Mike Fontenot,430917
Mike Jacobs,408312
Mike Kickham,592464
Mike Leake,502190
Mike MacDougal,213680
Mike McClendon,501873
Mike McCoy,453454
Mike Minor,501985
Mike Montgomery,543557
Mike Morin,573046
Mike Moustakas,519058
Mike Napoli,435063
Mike Nickeas,435081
Mike Ohlman,572000
Mike Olt,592609
Mike Pelfrey,460059
Mike Strong,572175
Mike Trout,545361
Mike Wright,605541
Mike Zagurski,489448
Mike Zunino,572287
Mikie Mahtook,543484
Miles Mikolas,571945
Mitch Harris,518771
Mitch Maier,430574
Mitch Moreland,519048
Mitchell Boggs,459939
Moises Sierra,501213
Montreal Robertson,572080
Mookie Betts,605141
Munenori Kawasaki,493128
Mychal Givens,571710
Nate Adcock,502264
Nate Freiman,474384
Nate Jones,518858
Nate McLouth,434661
Nate Schierholtz,435625
Nate Spears,460621
Nathan Eovaldi,543135
Nathan Karns,501992
Neal Cotts,425840
Nefi Ogando,596331
Neftali Feliz,491703
Neftali Soto,519304
Neil Ramirez,519166
Neil Wagner,474599
Neil Walker,435522
Nelson Cruz,443558
Nevin Ashley,502213
Nick Ahmed,605113
Nick Buss,502544
Nick Castellanos,592206
Nick Christiani,543023
Nick Evans,452783
Nick Franklin,545338
Nick Goody,580792
Nick Green,407797
Nick Greenwood,572889
Nick Hagadone,444935
Nick Hundley,460026
Nick Kingham,592468
Nick Lee,595297
Nick Markakis,455976
Nick Maronde,543488
Nick Martinez,607259
Nick Masset,434665
Nick Noonan,519082
Nick Punto,346857
Nick Rumbelow,592705
Nick Swisher,430897
Nick Tepesch,519344
Nick Tropeano,607374
Nick Vincent,543883
Nick Wittgren,621295
Noah Syndergaard,592789
Noe Ramirez,598287
Nolan Arenado,571448
Nolan Fontana,545337
Nolan Reimold,460099
Nomar Mazara,608577
Nori Aoki,493114
Nyjer Morgan,460579
Odrisamer Despaigne,628333
Odubel Herrera,546318
Oliver Drake,543118
Oliver Perez,424144
Omar Infante,408299
Omar Quintanilla,435560
Omir Santos,435408
Onelki Garcia,607162
Orlando Arcia,606115
Orlando Calixte,593525
Oscar Hernandez,591712
Oscar Taveras,570805
Oswaldo Arcia,542455
P.J. Walters,502208
Pablo Sandoval,467055
Paco Rodriguez,572089
Parker Bridwell,592170
Pat Dean,534737
Pat Light,572990
Pat McCoy,519003
Pat Neshek,450212
Pat Venditte,519381
Patrick Corbin,571578
Patrick Kivlehan,623182
Paul Clemens,518560
Paul Goldschmidt,502671
Paul Janish,457926
Paul Maholm,430904
Paulo Orlando,449181
Pedro Alvarez,476883
Pedro Baez,520980
Pedro Beato,474039
Pedro Ciriaco,465674
Pedro Feliciano,408230
Pedro Figueroa,471896
Pedro Florimon,465753
Pedro Hernandez,517060
Pedro Severino,600474
Pedro Strop,467008
Pedro Villarreal,543881
Pete Kozma,518902
Pete Orr,434681
Peter Bourjos,488721
Peter Moylan,493247
Peter O'Brien,598284
Phil Coke,457435
Phil Gosselin,594838
Phil Hughes,461833
Phil Irwin,572947
Phil Klein,607309
Philip Humber,458950
Phillippe Aumont,518418
Pierce Johnson,572955
Preston Claiborne,502011
Preston Guilmet,543258
Preston Tucker,605512
Prince Fielder,425902
Quintin Berry,450641
R.A. Dickey,285079
R.J. Alvarez,571439
Radhames Liz,467785
Rafael Betancourt,429783
Rafael Dolis,503569
Rafael Furcal,279577
Rafael Lopez,607257
Rafael Martin,514669
Rafael Montero,606160
Rafael Ortega,542364
Rafael Perez,460370
Rafael Soriano,400089
Rafael Ynoa,501255
Raimel Tapia,606132
Raisel Iglesias,628452
Rajai Davis,434658
Ramiro Pena,455369
Ramon Cabrera,541608
Ramon Flores,570717
Ramon Hernandez,150421
Ramon Ramirez,430673
Ramon Santiago,421124
Ramon Torres,593527
Ramon Troncoso,470462
Randal Grichuk,545341
Randall Delgado,517414
Randy Choate,329092
Randy Rosario,600968
Randy Wolf,150116
Rangel Ravelo,592660
Raudel Lazo,612272
Raul Alcantara,593417
Raul Mondesi,609275
Raul Valdes,447744
Ray Black,605143
Ray Olmedo,408232
Red Patterson,572017
Reed Johnson,407862
Reid Brignac,458582
Renato Nunez,600524
Rene Rivera,425784
Rex Brothers,571521
Rey Navarro,519071
Reymond Fuentes,571681
Rhiner Cruz,462480
Rich Hill,448179
Richie Shaffer,572128
Rick Porcello,519144
Rickie Weeks,430001
Ricky Nolasco,445060
Ricky Romero,460069
Rico Noel,592596
Rob Brantly,542963
Rob Rasmussen,519169
Rob Refsnyder,608701
Rob Scahill,543746
Rob Wooten,543942
Robbie Erlin,572362
Robbie Grossman,543257
Robbie Ray,592662
Robbie Ross Jr.,543726
Robert Andino,435180
Robert Carson,518533
Robert Coello,445193
Robert Gsellman,607229
Robert Stephenson,596112
Roberto Hernandez,433584
Roberto Osuna,532077
Roberto Perez,547379
Robinson Cano,429664
Robinson Chirinos,455139
Rocky Gale,502570
Rodrigo Lopez,150438
Roenis Elias,606273
Roger Bernadina,465668
Roger Kieschnick,523261
Roman Colon,430638
Roman Mendez,542669
Roman Quinn,596451
Ronald Belisario,430613
Ronald Torreyes,591720
Ronny Cedeno,430592
Ronny Paulino,425661
Rookie Davis,606959
Rosell Herrera,594011
Ross Detwiler,446321
Ross Ohlendorf,456027
Ross Stripling,548389
Ross Wolf,448693
Rougned Odor,596059
Rubby De La Rosa,523989
Ruben Tejada,514913
Rudy Owens,502168
Rusney Castillo,628329
Russ Canzler,444453
Russell Martin,431145
Ryan Brasier,518489
Ryan Braun,460075
Ryan Brett,592166
Ryan Buchter,488748
Ryan Cook,475857
Ryan Dennick,572810
Ryan Doumit,425491
Ryan Dull,623430
Ryan Feierabend,456387
Ryan Flaherty,475247
Ryan Goins,572365
Ryan Hanigan,452672
Ryan Howard,429667
Ryan Jackson,474249
Ryan Kalish,501888
Ryan Kelly,502462
Ryan LaMarre,534606
Ryan Langerhans,407798
Ryan Lavarnway,543432
Ryan Lollis,489067
Ryan Ludwick,407886
Ryan Madson,425492
Ryan Mattheus,458919
Ryan Merritt,607320
Ryan O'Rourke,594951
Ryan Perry,543634
Ryan Pressly,519151
Ryan Raburn,430605
Ryan Reid,474256
Ryan Roberts,440251
Ryan Rowland-Smith,434884
Ryan Rua,607387
Ryan Strausborger,595005
Ryan Sweeney,435220
Ryan Tepera,572193
Ryan Verdugo,489400
Ryan Vogelsong,285064
Ryan Webb,444436
Ryan Weber,543901
Ryan Wheeler,572253
Ryan Zimmerman,475582
Rymer Liriano,542642
Sal Romano,607219
Salvador Perez,521692
Sam Demel,451585
Sam Dyson,473879
Sam Freeman,518693
Sam Fuld,453539
Sam LeCure,459967
Sam Tuivailala,592815
Sammy Solis,519301
Samuel Deduno,465679
Sandy Leon,506702
Sandy Rosario,466459
Santiago Casilla,433586
Scooter Gennett,571697
Scott Alexander,518397
Scott Atchison,425786
Scott Baker,435044
Scott Barnes,488683
Scott Carroll,453222
Scott Copeland,571577
Scott Diamond,539438
Scott Downs,275933
Scott Elbert,455092
Scott Feldman,444857
Scott Hairston,430668
Scott Kazmir,431148
Scott Maine,453186
Scott McGough,543518
Scott Moore,445599
Scott Oberg,623184
Scott Rice,446488
Scott Schebler,594988
Scott Sizemore,502003
Scott Snodgress,607087
Scott Van Slyke,475100
Sean Burnett,430634
Sean Coyle,592231
Sean Doolittle,448281
Sean Gilmartin,543219
Sean Halton,488936
Sean Marshall,445156
Sean Nolin,543594
Sean O'Sullivan,457711
Sean Rodriguez,446481
Sergio Romo,489265
Sergio Santos,435045
Seth Lugo,607625
Seth Maness,595307
Seth Rosin,519229
Seth Smith,452234
Seung Hwan Oh,493200
Severino Gonzalez,605894
Shae Simmons,623406
Shane Greene,572888
Shane Loux,400076
Shane Peterson,451089
Shane Robinson,453203
Shane Victorino,425664
Shaun Marcum,451788
Shawn Armstrong,542888
Shawn Hill,429718
Shawn Kelley,518875
Shawn Morimando,596049
Shawn O'Malley,502523
Shawn Tolleson,474521
Shelby Miller,571946
Shin-Soo Choo,425783
Silvino Bracho,611093
Simon Castro,501563
Skip Schumaker,435401
Slade Heathcott,571761
Socrates Brito,593647
Sonny Gray,543243
Spencer Kieboom,571851
Spencer Patton,607359
Starlin Castro,516770
Starling Marte,516782
Stefen Romero,552662
Stephen Drew,452220
Stephen Fife,543155
Stephen Johnson,621283
Stephen Piscotty,572039
Stephen Pryor,543668
Stephen Strasburg,544931
Stephen Vogt,519390
Steve Ames,571441
Steve Baron,571467
Steve Cishek,518553
Steve Clevenger,502182
Steve Delabar,447755
Steve Edlefsen,453580
Steve Geltz,544993
Steve Johnson,489002
Steve Lombardozzi,543459
Steve Pearce,456665
Steve Susdorf,519330
Steve Tolleson,476270
Steven Lerud,452722
Steven Matz,571927
Steven Moya,570615
Steven Okert,595345
Steven Souza Jr.,519306
Steven Wright,453214
Stolmy Pimentel,516935
Sugar Ray Marimon,516970
T.J. McFarland,519008
Taijuan Walker,592836
Tanner Roark,543699
Tanner Scheppers,489294
Taylor Dugas,605214
Taylor Featherston,605227
Taylor Green,488919
Taylor Guerrieri,605260
Taylor Hill,592398
Taylor Jordan,518863
Taylor Jungmann,543380
Taylor Lindsey,592506
Taylor Motter,600301
Taylor Rogers,573124
Taylor Teagarden,460003
Taylor Thompson,543853
Tayron Guerrero,594027
Terrance Gore,605253
Thad Weber,519403
Thomas Field,474494
Thomas Neal,489166
Tim Beckham,542921
Tim Berry,572718
Tim Collins,525768
Tim Cooney,608641
Tim Dillard,457422
Tim Federowicz,543148
Tim Hudson,218596
Tim Lincecum,453311
Tim Stauffer,431162
TJ House,543334
Todd Coffey,434298
Todd Cunningham,592239
Todd Frazier,453943
Todd Redmond,445170
Tom Gorzelanny,452733
Tom Koehler,543408
Tom Murphy,608596
Tom Wilhelmsen,452666
Tomas Telis,542513
Tommy Hanson,462102
Tommy Hottovy,459415
Tommy Hunter,488984
Tommy Joseph,571830
Tommy Kahnle,592454
Tommy La Stella,600303
Tommy Layne,518927
Tommy Medica,523265
Tommy Milone,543548
Tommy Pham,502054
Tony Abreu,473234
Tony Barnette,501817
Tony Campana,542999
Tony Cingrani,571561
Tony Cruz,488810
Tony Gwynn Jr.,448242
Tony Sanchez,506997
Tony Sipp,448609
Tony Watson,453265
Tony Wolters,547172
Tony Zych,543964
Torii Hunter,116338
Toru Murata,538506
Travis Blackley,429715
Travis Buck,459941
Travis d'Arnaud,518595
Travis Hafner,400098
Travis Ishikawa,448170
Travis Jankowski,608671
Travis Shaw,543768
Travis Snider,501983
Travis Tartamella,502023
Travis Wood,475243
Trayce Thompson,572204
Trayvon Robinson,477054
Trea Turner,607208
Trevor Bauer,545333
Trevor Bell,457707
Trevor Brown,623143
Trevor Cahill,502239
Trevor Crowe,460067
Trevor Gott,641627
Trevor May,543507
Trevor Plouffe,461858
Trevor Rosenthal,572096
Trevor Story,596115
Trey Haley,543270
Troy Patton,461856
Troy Tulowitzki,453064
Tsuyoshi Wada,493159
Tucker Barnhart,571466
Tuffy Gosewisch,488912
Ty Blach,621389
Ty Kelly,571841
Ty Wigginton,421064
Tyler Anderson,542881
Tyler Austin,592122
Tyler Chatwood,543022
Tyler Clippard,461325
Tyler Cloyd,543031
Tyler Collins,607385
Tyler Colvin,502125
Tyler Cravy,572788
Tyler Duffey,608648
Tyler Flowers,452095
Tyler Glasnow,607192
Tyler Goeddel,595963
Tyler Graham,488917
Tyler Greene,460022
Tyler Holt,534627
Tyler Ladendorf,502285
Tyler Lyons,544928
Tyler Matzek,554431
Tyler Moore,489138
Tyler Naquin,571980
Tyler Olson,621397
Tyler Pastornicky,543629
Tyler Robertson,502356
Tyler Saladino,573135
Tyler Skaggs,572140
Tyler Thornburg,592804
Tyler Wagner,621281
Tyler Wilson,592869
Tyrell Jenkins,592433
Tyson Brummett,445204
Tyson Ross,475115
Ubaldo Jimenez,434622
Vance Worley,474699
Vic Black,502195
Vicente Campos,553883
Victor Alcantara,622505
Victor Caratini,605170
Victor Marte,469690
Victor Martinez,400121
Vidal Nuno,573064
Vin Mazzaro,476570
Vince Belnome,572714
Vincent Velasquez,592826
Vinnie Pestano,502260
Wade Davis,451584
Wade LeBlanc,453281
Wade Miley,489119
Wandy Rodriguez,434643
Wei-Chung Wang,623913
Wei-Yin Chen,612672
Welington Castillo,456078
Wesley Wright,449079
Wil Myers,571976
Wil Nieves,408242
Wilfredo Boscan,517448
Wilfredo Tovar,541600
Wilin Rosario,501647
Wilkin Ramirez,457133
Wilking Rodriguez,516853
Will Harris,501789
Will Locante,605342
Will Middlebrooks,519025
Will Ohman,349193
Will Rhymes,489242
Will Smith,519293
Will Venable,461416
Williams Jerez,605301
Williams Perez,554234
Willie Bloomquist,217100
Willie Harris,407483
Willson Contreras,575929
Willy Garcia,591994
Wilmer Difo,594694
Wilmer Flores,527038
Wilmer Font,521655
Wilson Betemit,400140
Wilson Ramos,467092
Wilton Lopez,446641
Wily Peralta,503449
Wynton Bernard,592144
Xander Bogaerts,593428
Xavier Avery,542897
Xavier Cedeno,458584
Xavier Nady,294558
Xavier Paul,449082
Xavier Scruggs,489305
Yadiel Rivera,592680
Yadier Molina,425877
Yan Gomes,543228
Yangervis Solarte,500208
Yasiel Puig,624577
Yasiel Sierra,666888
Yasmani Grandal,518735
Yasmany Tomas,630111
Yhonathan Barrios,553872
Yimi Garcia,554340
Yoenis Cespedes,493316
Yoervis Medina,500721
Yohan Flande,456071
Yohan Pino,464416
Yohander Mendez,622795
Yonder Alonso,475174
Yordano Ventura,570649
Yorman Landa,600915
Yorman Rodriguez,550298
Yorvit Torrealba,150275
Yoslan Herrera,506648
Yovani Gallardo,451596
Yu Darvish,506433
Yunel Escobar,488862
Yunesky Maya,493337
Yusmeiro Petit,433589
Zac Rosscup,573127
Zach Britton,502154
Zach Clark,503483
Zach Davies,605200
Zach Duke,435043
Zach Lee,545346
Zach Lutz,518963
Zach McAllister,502083
Zach Miner,435261
Zach Phillips,452061
Zach Putnam,474029
Zach Stewart,543819
Zach Walters,595025
Zack Cozart,446359
Zack Godley,643327
Zack Greinke,425844
Zack Jones,572958
Zack Wheeler,554430
Zeke Spruill,543809
Zelous Wheeler,519412
Zoilo Almonte,501660